Title,Address,Telephone,Email,Website
"ABD Construction, Inc.","Rosibel Aguilar 2100 Aluminum Ave Hampton, Virginia, 23606",7579649769,raguilar@abdconstruction.com,http://abdconstruction.com/
"Accurate Steel Fab, LLC","Trace Akin Vice President 418 Jones Street #300 Lewisville, Texas, 75057",2147387887,trace@accuratesteelfab.com,https://www.accuratesteelfab.com
AD Gypsum Supply,"Dan Maroni President 500 E Swedesford Rd Ste 200 Wayne, Pennsylvania, 19087",6109773100,dmaroni@adhq.com,https://www.adhq.com/
"ADTEK Engineers, Inc.","Jeffrey Klaiman Principal 9990 Fairfax Boulevard Suite 300 Fairfax, Virginia , 22030",7036914040,jklaiman@adtekengineers.com,http://www.adtekengineers.com
"Advanced Consulting Engineers, P.A.","Brenton McCrea, P.E. President 5235 Westview Drive Suite 100 Frederick, Maryland, 21703",7175046229,brentonm@acepa.net,https://acepa.net/
Aegis Metal Framing,"David Boyd Director Steel Framing Systems 16023 Swingley Ridge Road Chesterfield, Missouri, 63017",8669023447,dboyd@mii.com,http://www.aegismetalframing.com
AIM Recycling California,"Diego Gagnon General Manager 785 East M Street Colton, California, 92324",954-901-9562,dgagnon@aim-recycling.com,http://www.aim-recyclingca.com/
All Steel Mid Rise,"Michael Smith General Manager 580 N Fourth St Suite 210 Columbus, Ohio, 43215",330-421-5261,msmith@allsteelmidrise.com,http://www.allsteelmidrise.com
Alpine TrusSteel,"David Dunbar General Manager 6750 Forum Drive Suite 305 Orlando, Florida, 32821",8633079895,ddunbar@alpineitw.com,https://trussteel.com/
ArcelorMittal Dofasco,"David Newbigging Sales Manager 1330 Burlington Street E PO Box 2460 Hamilton, Ontario, L8N 3J5",9055487200,david.newbigging@arcelormittal.com,https://dofasco.arcelormittal.com/
BakerTriangle,"Preston Pressley Vice President, Business Development & Marketing 401 Hwy 80 E Mesquite, Texas, 75150",9722858878,ppressley@bakertriangle.com,http://bakertriangle.com
BCI Drywall and Finishes,"Bo Cherry 1153 Brittmoore Road Houston, Texas, 77043",2813840025,bo@bci-drywall.com,https://bci-drywall.com/
"Belt Engineering, LLC","Joseph Belt President 1503 W Busch Blvd Tampa, Florida, 33612",8139613075,jbelt@beltengineering.com,https://beltengineering.com
BILDTEK,"Ignaci Roca Managing Partner 1759 E Queen Creek Rd. Suite 1 Chandler, Arizona, 85286",4807909050,ignaci.roca@bildtek.com,https://www.bildtek.com/usa
Bradbury Group,"Rod Rinker Industry Sales Lead 1200 E Cole Steet Moundridge, Kansas, 67107",6203456394,rodrin@bradburyco.com,https://www.bradburygroup.com
"C. J. Coakley Co, Inc","Michael Coakley President 7732 Lee Highway Falls Church, Virginia, 22042",7035730540,mcoakley@cjcoakley.com,http://www.cjcoakley.com/
"California Steel Industries, Inc.","John Walburg Manager of Marketing and Sales Administration 1 California Steel Way Fontana, California, 92335",9093506460,john.walburg@californiasteel.com,http://www.Californiasteel.com
Canard Build Inc.,"Brian Kane 18 Meighen Steet St John's, Newfoundland and Labrador , A1A 2M5",7096837595,info@canardbuild.ca,Facebook
"Capital Interior Contractors, Inc.","Ned Kegan Senior Project Manager 3201-A Rosedale Avenue Richmond, Virginia, 23230",8043531447,nkegan@capitalint-contractors.com,https://www.capintva.com
Carolina Spiral and Duct Fabrication,"Adam Greer Rollform Manager 11524 Wilmar Blvd. Charlotte, North Carolina, 28273",Not Provided,adam.greer@carolinaspiral.com,https://msssolutions.com/carolinaspiral-rf/
"CEMCO, LLC","Tom Porter President 13191 Crossroads Pkwy North, Ste. 325 City of Industry, CA, 91746",6263223400,tporter@cemcosteel.com,http://cemcosteel.com
Clar Company,"Carlos Asuaje 7968 NW 56th ST Doral, Florida, 33166",3054773032,carlos@clarcompany.com,https://clarcompany.com
"ClarkDietrich Engineering Services, LLC.","Chad Casbon 330 Greenwood Place 2nd Floor McDonough, Georgia, 30253",6789903540,chad.casbon@clarkdietrich.com,https://www.clarkdietrich.com/services/engineering-services
ClarkDietrich-Corporate,"Jim Collins President 9050 Centre Pointe Dr. Ste 400 West Chester, Ohio, 45069",5138574419,jim.collins@clarkdietrich.com,http://www.clarkdietrich.com
"Cleveland-Cliffs, Inc.","Len Lisjak Director - End Users 1 South Dearborn Street 18th Floor Chicago, Illinois, 60603",3128993060,len.lisjak@clevelandcliffs.com,http://www.clevelandcliffs.com
"Cold-Formed Steel Plus, LLC.","Matthew Saari Principal/Owner 6880 135th St W Apple Valley, Minnesota , 55124",9522368198,msaari@cfs-plus.com,https://www.cfs-plus.com
Consolidated Fabricators Corp,"Joseph Cortez Operations Manager 8584 Mulberry Ave. Fontana, California, 92335",9097708920,joe@confabbpd.com,http://confabbpd.com/
"Core & Shell Building Co, Inc.","Jennifer Reasbeck Vice President/CFO 96 SE 501 Road Warrensburg, Missouri, 64093",5736736651,jreasbeck@coreshellbuilding.com,https://www.coreshellbuilding.com/
Daley's Drywall & Taping,"Brittni Daley-Grishaeva President 960 Camden Avenue Campbell, California, 95008",4083747626,Brittni@daleysdrywall.com,http://www.daleysdrywall.com
Delineate LLC,"Earl Graham Plant Manager 5820 Highway 85 Riverdale, Georgia, 30274",4044804289,Earl@delineatellc.com,http://www.Delineatellc.com
Deluxe Building Products,"Jeff Veen General Manager 1350 East Lexington Ave Pomona, California, 91766",9099935700,jeff@deluxebuildingproducts.com,https://deluxebuildingproducts.com
Drywall Partitions Inc.,"Ben Kelly President 5016 W. 58th Avenue Arvada, Colorado, 80002",7208985600,bkelly@drywallpartitions.com,http://drywallpartitions.com
ElevenTen Systems fka Panel Point,"Eric Anderson Manager 21945 W. 83rd St. Shawnee , KS, 66227",Not Provided,eric.anderson@eleventensystems.com,https://www.eleventensystems.com/
EvolvedDecks,"Rodger Mann PO Box 660 Grass Valley, California, 95945",5302709050,rodger@evolveddecks.com,https://evolveddecks.com/
FORGE,"Jeremiah Lowell Co-Founder / Owner 4075 Blue Ridge Industrial Parkway Norcross, Georgia, 30071",470-682-0851,jlowell@forgecousa.com,https://forgecousa.com
Foundation Building Materials,"Pete Welly Chief Operating Officer 2520 Red Hill Avenue Santa Ana, California , 92705",7144604838,pete.welly@fbmsales.com,https://www.fbmsales.com/
FRAMECAD America Inc.,"Nader Elhaj Director of Engineering 3603 McLean Ave Fairfax, Virginia, 22030",7036152451,nadere@framecad.com,https://www.framecad.com/
FrameMax,"Bob Young President 1905 Oxford Court Vista, California, 92081",7606130955,Not Provided,https://www.framemax.com
Frametek Steel Products,"Lori Cummings Sales Manager 1495 Columbia Ave. Bldg 4 Riverside, California, 92507",9513695204,lcummings@frameteksteel.com,http://frameteksteel.com
"Grayhawk, LLC.","Mark Nabity President 2424 Merchant Street Lexington, KY, 40511",8592552754,mnabity@grayhawk-ky.com,https://grayhawk-ky.com
"Gypsum Management & Supply, Inc.","Mike Ferrante Purchasing Director 100 Crescent Centre Pkwy Suite 800 Tucker, Georgia, 30084",6783532885,mike.ferrante@gms.com,https://www.gms.com/
Heartland Steel,"Henry Luo CEO 13425 F Street Omaha, NE, 68137",4025026488 ext 105,HenryL@heartlandsteelllc.com,https://heartlandsteelllc.com/
Howick Ltd.,"Deon Anderson Head of Global Sales 117 Vincent Street Howick 2014 Auckland, New Zealand",+64 9 534 5569,deon@howickltd.com,https://www.howickltd.com/
Intertek Company,"Mike Weigner 130 Derry Court York, Pennsylvania, 17406",7177647700,michael.weigner@intertek.com,https://www.intertek.com/building/
"Ironline, LLC","Sebastian Higdon President 300 Technology Dr. Walterboro, SC, 29488",8003085673,sebastian@ironlinemetals.com,https://www.ironlinemetals.com/
J.N. Linrose Manufacturing,"Matt Pfirman President 999 East Avenue Hamilton, Ohio, 45011",5138675500,Matt.pfirman@jnlinrose.com,http://www.jnlinrose.com
Jaimes Industries,"Sam Sinawi President 12658 Richfield Ct. Livonia, Michigan , 48150",7347939000,sam@jaimesind.com,http://jaimesind.com/
"Knudson Mfg., Inc.","Patrick Flood Executive VP 10401 W 120th Ave Broomfield, Colorado , 80021",3034692101,patrick@knudsonmfg.com,https://knudsonmfg.com/
L & L Structural Steel Inc.,"Lazaro Lopez Owner 11365 Sw 157Th Ter Miami, Florida, 33157",7863567864,llopez@flstructuraklsteel.com,https://llstructuralsteel.com/
L&W Supply Corporation,Not Provided,Not Provided,Not Provided,https://lwsupply.com
"Lamp Metal Trusses, Inc.","Andy Pfirman President 1200 Central Avenue Hamilton, Ohio, 45011",7705399366,apfirman@lampmetaltrusses.com,http://www.lampmetaltrusses.com
Life Drywall,"Chris Sliskovic President 3247 Skipton Lane Oakville, Ontario, L6M 0K2",4162755682,chris@lifedrywall.ca,https://lifedrywall.ca
Live Oak Engineering,"Patrick Plourde President 2509 7th St. S Birmingham , Alabama , 35233",2056373115,patrick@liveoakengineering.com,http://www.liveoakengineering.com
"Mader Construction Company, Inc.","Kevin Biddle President 970 Bullis Rd. Elma, New York, 14059",7166553400,kbiddle@maderconstruct.com,http://www.maderconstruct.com
"Mainline Metals, Inc.","Andrew Geisler President 401 East Elm Street Suite 202 Conshohocken, PA, 19428",6106880888,ageisler@mainlinemetals.com,https://mainlinemetals.com
"Marek Brothers Systems, Inc","Brent Ballard Senior Project Manager 1233 Lakeshore Drive Coppell, Texas , 75019",9723934343,brentballard@marekbros.com,https://www.marekbros.com/contact/dallas
MBA Building Supplies,"Scott Segal President 2200 Tempel Drive Libertyville, Illinois , 60048",8476807773,ssegal@mbastuds.com,http://www.mbastuds.com
Mill Steel Framing,"Kip Craddick President 2905 Lucerne Dr. SE Grand Rapids, Michigan , 49546",3463377858,kip.craddick@millsteel.com,http://millsteelframing.com
"MRI Steel Framing, LLC.","Bill Wilson CEO 15 Salt Creek Lane Hinsdale, Illinois, 60521",6306161850,bwilson@mrhllc.com,http://www.mristeelframing.com
"Nevell Group, Inc","Michael Nevell President 3001 Enterprise St #200 Brea, California, 92821",7145797501,mjn@nevellgroup.com,http://www.nevellgroup.com
Nucor Corporation,"Paula Brown Sales Supervisor 7301 East County Road 142 Blytheville , Arkansas , 72315",8707622100,paula.brown@nucor.com,https://nucor.com
"OCP Contractors, Inc.","Matt Townsend CEO 1740 Commerce Road Holland, Ohio, 43528",4198657168,mtownsend@ocpmail.com,https://ocpcoc.com
OFFSITEK,"Angel Allen Manager – Operations & Safety 839 Exchange Street, Building E Charlotte, North Carolina, 28208",704-749-2018,angela@offsitek.com,https://offsitek.com
"Panel Point, LLC.","Eric Anderson Manager 21945 W. 83rd St. Shawnee , KS, 66227",Not Provided,eric.anderson@eleventensystems.com,https://www.eleventensystems.com/
Panel Rey S.A.,"Marco Beltrán Manager at PR Gypsum 1310 Rayford Park Rd. Suite 404 Spring, Texas, 77386",2816070072,mbeltran@gpromax.com,https://www.panelrey.com
Panel Systems Inc.,"Michael Donovan President 14869 Persistence Dr. Woodbridge, Virginia, 22191",5714272208,mdonovan@psiincusa.com,https://psiincusa.com/
"Platinum Drywall, Inc.","Anthony Brooks President 5423 W 65th Street Little Rock, Arkansas, 72209",5012249255,anthony@platinumdrywall.net,http://PlatinumDrywall.net
"Poellinger, Inc.","Mike Poellinger 415 Nelson Pl La Crosse, Wisconsin, 54601",6087851234,mike@poellinger.com,http://www.poellinger.com
"Precision Walls, Inc.","Richard Mountcastle Vice President 1230 NE Maynard Rd Cary, North Carolina , 27513",9194592986,RMountcastle@precisionwalls.com,https://precisionwalls.com
Prefab Consulting Services LLC,"Robert Johnson 6227 West Morrow Drive Glendale, Arizona, 85308",Not Provided,robert@prefabconsulting.net,https://www.prefabconsulting.net/
Premier Steel Fabrication,"Steve Kessler General Manger 10811 Rush Street South El Monte, California, 91733",6264442649,steve@premiersteelfabrication.com,http://premiersteelfabrication.com/
"R.A. Smith, Inc.","Pat Hainault, P.E. Co-Director of Structural Services/Cold-Formed Group Leader 16745 W Bluemound Brookfield, Wisconsin, 53005",2623173229,pat.hainault@rasmith.com,http://www.raSmith.com
R&P Supply,"Ron Pycior Owner 2642 E Lone Mountain Rd North Las Vegas, Nevada, 89081",7022479500,ronp@rpsupplyinc.com,http://www.rpsupplyinc.com
Ram Steel Framing,"Mike Barker CFO & VP Purchasing 1150 Albright Road Sanford, Florida, 32771",4074391563,mbarker@ramsteelframing.com,http://www.ramsteelframing.com
Rew Materials,"John ""JT"" Thomas Director of Marketing 15720 W. 108th Street Lenexa, Kansas, 66219",9134384142,jthomas@kcg-inc.com,http://www.rewmaterials.com
"Ronsco, Inc.","Lee Zaretzky President 312 5th Avenue New York, New York, 10001",2126270500,lz@ronscoinc.com,http://www.ronscoinc.com
Rutherford Co Inc,"David Rutherford 2107 Crystal Street Los Angeles , California, 90039",3236665284,david@rutherfordco.net,https://rutherfordco.net
"RWE-Richard Wagner Enterprises, LLC.","Richard Wagner Owner 904 Raeford Ave Lexington, North Carolina, 27292",3368434390,rick@rwenc.com,https://www.rwenc.com
Scottsdale Construction Systems,"Scottsdale Construction Systems 10401 West 120th Ave. Broomfield, Colorado, 80021",1 (888) 406-2080,sales@scottsdalesteelframes.com,https://www.scottsdalesteelframes.com/
"Shields, Inc.","Curt Hege, Jr. President PO BOX 25327 Winston-Salem, North Carolina, 27114",3367659040,chegejr@shieldsinc.com,http://www.shieldsinc.com
"Shrock Prefab, LLC.","John Kauffman General Manager 614 North Spring Street Loudonville, Ohio, 44842",4199941900,jkauffman@shrockprefab.com,https://www.shrockprefab.com
"Simpson Strong-Tie Co, Inc.","Clifton Melcher Industry Manager -CFS Products 5956 W Las Positas Blvd Pleasanton, California, 94588",9255609288,cmelcher@strongtie.com,http://www.strongtie.com
South Valley,"Travis Vap CEO 11511 E Caley Ave. Centennial, CO, 80111",3037917212,mail@svdw.com,https://southvalley.net/
State Building Products,"Eric Griswold CFO 21751 Schmeman Avenue Warren, Michigan, 48089",5867728878,eric@statebp.com,http://www.statebp.com
"Steel Dynamics, Inc.","Charlie Trowbridge Sales Manager 4500 County Road 59 Butler, Indiana, 46721",2607973443,charles.trowbridge@steeldynamics.com,https://steeldynamics.com
"Steeler, Inc.","Matt Surowiecki, Jr. 10023 Martin Luther King Jr. South Seattle, Washington, 98178",2067252500,surowieckim@steeler.com,http://www.steeler.com
SteelFast Framing Systems,"575 Industrial Parkway Greenville, Alabama, 36037",3343830333,steelfast@centurytel.net,Not Provided
Strahm Building Solutions,"Matthew Graves 4334 Ardmore Avenue Fort Wayne, Indiana, 46802",2604891575,matt@strahmsolutions.com,https://www.strahmbuildingsolutions.com
"Studs Unlimited, LLC.","BJ Powell General Manager 809-D S. Agnew Oklahoma City, Oklahoma, 73108",4058962563,bjpowell@studsunlimited.com,http://www.studsunlimited.com
Super Stud Building Products,"Susanne Allen 2960 Woodbridge Avenue Edison, New Jersey, 08837",732- 662-6200,technical@buysuperstud.com,https://www.buysuperstud.com/
Superior Wall Systems,"Diego Rivera Director of Operations 4231 Liberty Boulevard South Gate, California, 90280",3239234900,diego@swspanelinc.com,https://superiorwallsystems.com
T.J. McCartney Inc.,"Jared Stevens 3 Capitol Street Suite1 Nashua, New Hampshire, 03063",6032040878,j.stevens@tjminc.com,https://www.tjminc.com
"T.J. Wies Contracting, Inc.","Timothy Wies President 200 TCW Court Lake St. Louis, Missouri , 63367",6365618555,twies@tjwies.com,http://www.tjwies.com
Texas City Steel,"Derek Baldwin 705 Baywood Seabrook, Texas, 77586",713-725-9230,derek@texascitysteel.com,https://www.texascitysteel.com/
"The LEVY Company, Inc.","Steve Brill General Superintendent 3925 Commercial Avenue Northbrook, Illinois, 60062",8475648950,sbrill@levycoinc.com,https://www.levycoinc.com
The Pike Company,"Kevin Callanan 1 Circle Street Rochester, New York, 14607",1800264PIKE,callk@pikecos.com,https://pikecs.com/
The Raymond Group,"Travis Winsor CEO 520 West Walnut Avenue Orange, California , 92868",7147717670,travisw@raymondgroup.com,http://www.raymondgroup.com
"The Steel Network, Inc.","Tyrone Guzman 2012-A TW Alexander Drive Durham, North Carolina, 27709",9198451025,support@steelnetwork.com,https://www.steelnetwork.com
"Thorne Associates, Inc.","Dan Degnan CEO 1450 W Randolph Street Chicago, Illinois, 60607",312-738-5237,danield@thorneassociates.com,https://www.thorneassociates.com
Tori Contracting,"Robert Gross Senior Estimator / Director of Operations 3451 W. Martin Ave. Las Vegas, Nevada, 89118",7022410595,rgross@toricontractingllc.com,https://toricontractingllc.com/
United States Steel Corporation,"MIchael Tookey Director of Sales 600 Grant Street Pittsburgh, Pennsylvania, 15219",4124332701,MATookey@uss.com,https://www.ussteel.com
"V&C Drywall Contractors, Inc.","Vincent Nihipali Jr Preconstruction Manager 91-430 Komohana Street Kapolei, Hawaii, 96707",8086822068 x102,vincejr@vncdrywall.com,http://www.vncdrywall.com
Veev,"Matthew Pawluk Director, Quality & Reliability 2701 W. Winton Avenue Hayward, California, 94545",650-292-0752,matthew@veev.com,https://veev.com
Wall-tech Companies,"Pete Braun 6135 N American Lane DeForest, Wisconsin, 53532",6082571595,pbraun@walltechinc.com,https://www.walltechinc.com/
Wies Drywall and Construction Corp.,"Jon Wies Senior Estimator 11767 Lackland Rd. St. Louis, Missouri, 63146",3144325040,info@WiesDrywall.com,https://www.wiesdrywall.com
Worthington Industries,"Andy Rose CFO 200 Old Wilson Bridge Road Ohio, Columbus, 43085",6148404146,Andy.Rose@worthingtonindustries.com,https://worthingtonindustries.com
